word,frequency
on,89
the,140
computational,3
inefficiency,1
of,249
large,11
batch,3
sizes,1
for,417
stochastic,17
gradient,8
descent,1
advance,1
prediction,16
ventricular,1
tachyarrhythmias,1
using,85
patient,4
metadata,2
and,265
multi-task,6
networks,93
online,13
abstraction,2
with,156
mdp,1
homomorphisms,1
deep,95
learning,154
hierarchical,6
policy,6
design,15
sample-efficient,1
robot,3
table,1
tennis,1
through,12
self-play,1
joint,13
information,21
freshness,1
completion,1
time,16
optimization,18
vehicular,2
automated,6
tactical,1
decision,6
planning,12
model,37
strategic,1
values,2
guidance,2
local,12
action-value-ambiguity,1
large-scale,8
fine-grained,3
evaluation,18
popular,2
jpeg,1
forgery,2
localization,12
schemes,2
do,5
technical,2
universities,1
exhibit,1
distinct,1
behaviour,1
in,195
global,7
university,1
rankings?,1
a,202
times,2
higher,2
education,5
case,5
study,11
longitudinal,5
identifying,3
paying,1
down,1
architectural,2
debt,1
optimized,2
portfolio,1
contracts,3
bidding,1
cloud,8
detecting,6
offensive,1
content,2
open-domain,2
conversations,1
two,3
stage,1
semi-supervision,1
flexible,4
scalable,7
state,8
tracking,13
framework,20
goal-oriented,2
dialogue,8
systems,43
systematic,5
generalization,3
what,5
is,7
required,1
can,5
it,4
be,4
learned?,1
relation,3
between,7
outdated,1
docker,1
containers,1
severity,1
vulnerabilities,2
bugs,1
super-resolution,4
based,42
image-adapted,1
cnn,4
denoisers,1
incorporating,1
training,22
data,51
internal,2
test,3
lipizzaner,1
system,29
that,3
scales,1
robust,25
generative,24
adversarial,38
network,74
advent,1
entropy,9
minimization,2
domain,8
adaptation,3
semantic,21
segmentation,33
runtime,1
analysis,38
self-adaptive,1
mutation,1
rates,1
molecular,4
sets,6
moses,1
benchmarking,3
platform,6
generation,17
models,33
structure-preserving,2
constrained,4
optimal,13
trajectory,4
wheeled,1
inverted,1
pendulum,1
practical,3
full,2
resolution,2
learned,4
lossless,1
image,46
compression,9
distributed,22
augmented,5
reality,5
medical,7
simulation,4
graph-based,2
reasoning,9
real,3
bangladeshi,1
sign,3
language,12
detection,55
faster,5
r-cnn,3
millimeter,3
wave,3
receiver,1
comparison,4
under,9
energy,7
vs,1
spectral,4
efficiency,3
trade-off,2
computing,11
vertex,1
centrality,1
measures,4
massive,6
neural,77
selection,13
algorithm,16
machine,23
an,51
internet,4
things,3
oriented,1
approach,29
water,1
utility,1
monitoring,1
control,23
from,61
incomplete,3
euclidean,3
distance,4
matrix,10
performance,15
svd-mds,1
naive,1
dictionary,1
musical,2
corpora,1
knowledge,12
representation,20
to,91
pattern,3
recognition,37
simulating,1
mobility,4
trajectories,3
customer,2
lifetime,1
value,2
video,24
games,3
parametric,4
structure,10
motion,7
multiframes,1
tifti,1
extracting,1
drug,2
intervals,3
clinic,1
notes,2
iw-net,1
automatic,14
minimalistic,1
interactive,3
lung,3
nodule,1
tutorial,3
weighted,2
bipolar,1
argumentation,3
continuous,5
dynamical,3
java,1
library,2
attractor,2
textmountain,1
accurate,7
scene,10
text,11
via,37
instance,5
gan,5
warped,1
attribute,1
editing,2
unpaired,2
measure,4
manifold,4
theory,5
fast,18
efficient,29
attractor-based,1
indexes,1
cost-sensitive,1
sponsored,1
ad,1
retrieval,11
difficulties,1
incentivizing,1
privacy,9
transparency,1
qualitative,2
survey,7
german,1
health,6
insurance,1
market,2
cross-database,1
non-frontal,1
facial,5
expression,5
transductive,1
transfer,13
known,1
unknown,2
transferring,1
answer,1
questions,1
about,2
novel,5
visual,25
concepts,2
model-blind,1
denoising,5
frame-to-frame,1
non-local,3
by,32
projection,3
convolutional,37
1-bit,1
cnns,4
discrete,4
back,1
propagation,2
domain-invariant,1
unsupervised,21
adaption,1
improving,8
landmark,2
saliency,2
feature,15
classification,24
dynamic,14
load,3
balancing,2
techniques,4
particulate,1
flow,12
simulations,1
towards,17
secure,6
payment,1
channels,5
separation,2
observed,2
unobserved,1
distributions,3
document,3
hypernym,1
discovery,4
completeness,1
consistency,1
evolving,3
bases,1
markov,4
chain,4
monte,1
carlo,1
methods,15
lattice,1
gaussian,7
samplingconvergence,1
enhancement,3
security,4
patterns,6
mapping,2
code,2
smells,1
android,3
icc,1
evaluating,3
bayesian,15
2d,10
proactive,2
uplink,2
resource,4
allocation,3
event,4
mtc,1
applications,12
managing,2
provenance,1
access,5
rights,1
storage,3
hyperledger,1
blockchain,3
style,6
decomposition,7
improved,8
thinging,2
applied,3
leakage,2
fusion,8
low-level,2
features,6
void,1
filling,1
digital,2
elevation,1
hybrid,12
distortion,1
aggregated,1
comfort,1
assessment,4
stereoscopic,1
retargeting,1
offloading,1
delay,1
constraint,4
cooperative,7
mobile,9
edge,8
comdefend,1
defend,1
examples,5
instance-level,3
attributes,1
geometry-aware,2
structured,3
strategies,4
localising,1
software,7
changes,2
crowding,1
nsga-ii,1
fsnet,1
identity-aware,1
image-based,1
face,10
swapping,1
reduction,8
strategy,6
signature-based,1
algorithms,13
compute,1
groebner,1
basis,1
scheduling,4
time-of-use,1
tariffs,1
prior-free,1
acquisition,2
statistical,5
estimation,21
pearl,2
preference,2
appraisal,1
reinforcement,18
making,4
competitive,1
metric,3
descriptor,1
place,1
lidar,2
intensity,2
learning-based,2
ml,4
mimo,6
one-bit,1
quantized,2
signals,2
transferable,1
attacks,12
object,21
inferring,1
concept,6
prerequisite,2
relations,1
educational,1
resources,2
chest,1
radiographs,1
adsas,1
comprehensive,1
real-time,11
anomaly,4
cubemapslam,1
piecewise-pinhole,1
monocular,5
fisheye,1
slam,3
loadaboostloss-based,1
adaboost,1
federated,5
ohie,1
scaling,4
made,1
simple,4
clear,2
fog,2
combat,1
encoder-decoders,1
modality-based,1
factorization,3
multimodal,11
core,3
ontology,2
requirements,2
engineering,3
change,4
point,12
v2i,1
cyber,2
attack,5
connected,4
vehicle,3
environment,4
interpretable,6
globally,1
consistent,1
explanations,2
credit,2
risk,9
virtual,4
class,3
enhanced,3
discriminative,4
embedding,12
energy-efficient,1
transaction,2
blockchain-enabled,1
vehicles,4
iov,1
deepflux,1
skeletons,1
wild,4
foot,1
pressure,1
predict,2
dynamics,7
kinematics,1
wireless,10
cellular,4
communications,5
minimizing,1
age-of-information,1
throughput,1
constraints,4
multi-path,1
communication,12
quadrilateral,1
mesh,3
as,11
input-fault,1
tolerance,1
problem,8
gregory,1
solid,1
construction,2
polyhedral,2
volume,1
parameterization,3
sparse,14
x*,1
anytime,1
multiagent,1
bounded,1
search,9
constructing,1
trivariate,1
b-splines,1
positive,2
jacobian,1
pillow,1
operation,2
geometric,4
iterative,6
fitting,1
parsing,3
human,7
active,5
recommendation,4
multi-level,4
user,8
preferences,1
aggregation,6
interpretation,3
multivariate,2
outcome,1
forecasting,3
chronic,1
ambulatory,1
care,2
rethinking,1
clinical,5
why,1
must,2
consider,1
year,1
timed,2
broadcast,1
protocols,1
contextserv,1
model-driven,1
development,4
context-awareweb,1
services,2
are,7
all,2
created,1
equal?,1
empirical,1
parallelizing,1
greedy,1
submodular,1
set,8
function,3
maximization,4
matroids,1
beyond,6
eigenvalue,2
corrected,1
noisy,6
natural,6
effective,5
method,12
introduction,1
multi-agent,4
relevance,2
graphs,19
how,6
organize,1
your,1
agents,4
importance,2
topology,3
ensemble,6
redundant,1
perceptual,2
policies,3
knapsack,3
convolution,2
sizing,1
commercial,1
complex,7
microgrid,1
inverse,3
voronoi,1
lightweight,6
block,2
state-based,1
recursive,1
topology-aware,1
surface,4
reconstruction,17
clouds,3
layer,3
positioning,2
uncertainty,8
finite,3
representations,9
recurrent,15
hardness,3
diameter,1
leveraging,5
time-series,1
cautionary,1
tale,1
inviwo,1
-,6
visualization,4
usage,1
levels,1
exploiting,9
pointer,1
memory,7
deductive,1
verification,5
3d,24
semi-supervised,7
uncertainty-aware,1
multi-view,4
co-training,1
sequential,6
induced,2
clustering,13
non-parametric,2
implicit,2
filter,8
level,2
sparsity,4
playing,1
soccer,1
without,4
colors,1
spl,1
stein's,2
unbiased,1
estimator,2
x-ray,2
separate,1
multiple,13
illuminants,1
single,11
safety,3
formally,2
verifying,3
warp-v,1
open-source,1
tl-verilog,1
risc-v,1
generator,4
analyzing,2
lens,1
amplification,1
shuffling,1
central,1
differential,3
anonymity,1
increasing,2
capability,3
indoor,3
synthesis,8
smoothed,2
multi-item,1
auctions,3
correlated,2
unifying,2
decision-making,2
review,4
evolutionary,1
theories,1
rationality,1
cognitive,2
biases,2
rule-based,2
proposal,3
aid,2
external,2
beam,3
radiation,2
treatment,3
uav,2
activities,1
coverage,2
disaster,1
areas,1
reed-muller,1
codes,8
respect,1
random,9
errors,1
erasures,1
shape,7
microfluidic,1
devices,6
adaframe,1
adaptive,8
frame,4
context,2
exploring,4
relationships,2
music,2
word2vec,1
machines,1
likelihood-free,1
inference,18
solar,2
enablement,1
initiative,1
australia,1
report,3
efficiently,2
critical,1
cases,1
voltage,1
impact,4
pv,2
investment,1
asymptotically,1
multi-armed,2
bandit,1
activation,2
side,1
beltrami-net,1
independent,4
d-bar,1
absolute,1
imaging,6
electrical,1
impedance,2
tomography,2
a-eit,1
convergence,4
diffusion,3
gauss-newton,1
asymmetry,1
helps,1
eigenvector,2
analyses,2
asymmetrically,1
perturbed,1
low-rank,1
matrices,2
graph,22
two-sample,1
testing,4
learn,4
inventing,1
low-latency,1
ai,7
neurotechnology,1
aging,2
societies,1
--,3
task-load,1
dementia,2
eeg,3
biomarker,1
geometry,3
restricted,1
boltzmann,1
multivalued,1
hidden,1
variables,1
suppressing,1
over-fitting,1
atlas@home,1
exploit,1
extra,1
cpu,2
busy,1
grid,2
sites,1
least,1
squares,1
problems,10
certain,1
vandermonde--khatri--rao,1
dmd,1
rprop-neural-network-based,1
maximum,1
power,11
short-circuit,1
current,1
limitation,1
neuron-network-based,1
ultra-capacitors,1
uncertainties,2
regression,8
zonal,1
kriging,1
biosimulator.jl,1
julia,1
unlabeled,1
exceeding,1
vc-dimension,1
coding,5
data-driven,1
metasurface,1
assumptions,3
gans,4
komondor,1
simulator,3
next-generation,1
high-density,1
wlans,1
combining,6
refinement,1
diverse,1
layouts,2
conditional,8
imle,1
numerical,3
modelling,2
heat,1
experimental,1
validation,2
powder-bed,1
approximation,4
small,6
hazard-free,1
transducers,1
unencrypted,1
indistinguishability,1
obfuscation,1
translation,5
mixed-domain,1
sym-parameterized,1
decoupling,2
polytope,1
legal,1
sequences,1
challenging,1
common,3
disentangled,1
touchdown,1
navigation,8
spatial,6
street,2
environments,9
complex-valued,2
real-valued,1
tasks,3
combating,1
fake,1
news,4
feed,1
linux-tomcat,1
application,14
amazon,1
aws,1
inverserendernet,1
rendering,4
matching,8
finding,3
representatives,1
its,9
computer,6
vision,5
binary,2
sequence,6
interferer,1
rejection,1
multi-branch,1
modulation,2
optimizing,3
running,1
race,1
curved,1
track,2
stability,3
disturbance,1
unified,4
incremental,3
operating,2
room,2
state-of-the-art,2
self-supervised,5
path,3
category,1
free,1
open,2
morphisms,1
coalgebras,1
non-deterministic,1
branching,1
effect,4
operators,1
flow-based,2
better,4
seed,2
inclusion,1
management,6
studied,1
findings,1
research,3
used,1
hospital,1
mortality,1
named,3
entities,2
transferability,1
datasets,2
$ψ$ec,1
exterior,1
calculus,1
electrosense+,1
empowering,1
people,3
decode,2
radio,2
spectrum,1
locally,1
differentially-private,1
randomized,3
response,2
distribution,2
heterogeneous,7
alzheimer's,1
disease,4
speech,12
bandits,5
isomorphism,1
$h_1h_2$-free,1
almost,1
complete,1
dichotomy,1
discovering,1
spatio-temporal,5
action,12
tubes,1
cryptocurrencies,1
preserve,1
comply,1
regulations?,1
counterfactual,1
proofreading,1
feedback,1
perceiving,1
physical,1
equation,2
observing,1
scenarios,1
electronic,4
records,2
usages,1
medication,1
non-adherence,1
imagenet-trained,1
biased,1
texture;,1
bias,4
improves,1
accuracy,2
robustness,6
early,3
stratification,1
patients,1
at,9
postoperative,1
complications,1
after,3
elective,1
colectomy,1
scoring,2
driving,4
apollocar3d,1
car,2
understanding,9
benchmark,1
autonomous,7
play,1
you,4
like,1
timbre-enhanced,1
multi-modal,2
cluster,3
surveys,1
ufans,1
u-shaped,1
fully-parallel,1
acoustic,5
20x,1
chiller,1
contention-centric,1
execution,2
partitioning,2
interaction,2
dimensionality,3
exploration,2
residual,3
burst,1
photography,1
validity,1
rfid,1
badges,1
measuring,3
face-to-face,1
interactions,2
ensembles,1
employees,1
manufacturing,1
industries,1
developing,2
countries,1
should,1
i,2
first,1
introducing,1
lecturebank,1
nlp,2
advanced,1
buoyancy,1
forgetful,1
data-parallel,1
very,1
gpu,2
capacity,5
only,2
initiates,1
will,1
have,1
secrets,2
revealed,1
chemists,1
openness,1
scientific,5
predicting,7
opioid,1
relapse,1
social,11
media,3
adverse,1
explanatory,1
signs,1
symmetrization,1
directed,3
resistance-based,1
germination,1
community,5
conceptual,1
meta-information,1
parallel,6
protein,1
ppi,1
multi-source,1
link,2
comparing,2
heuristic,1
universal,4
embeddings,3
multilayer,2
managed,1
forgetting,1
support,4
work,1
coarse-to-fine,3
module,2
objects,4
parameter-free,1
attention,12
person,6
re-identification,5
dialog,4
data-efficient,2
way,1
turn,1
dropout,1
game,5
tree,4
multistage,1
pruning,1
mechanisms,2
reason,1
third-order,1
tensor,3
products,1
two-level,2
two-stage,1
emotion,4
up,2
probabilistic,12
linear,13
non-linear,1
domains,2
compilation,1
mixed,2
integer,1
programming,2
multi-satellite,1
non-entailed,1
subsequences,1
challenge,2
bootstrapping,1
processing,4
pipelines,2
human-friendly,1
referring,1
interoperability-guided,1
quic,1
implementations,1
symbolic,1
exact,3
cutting,1
plane,1
solve,1
selective,2
coloring,4
perfect,2
functional,2
logic,4
locking,1
nonlinear,7
polynomial-time,2
fragment,1
epistemic,2
service,5
pricing,1
relay,3
gathering,2
robots,3
lights,1
tea-dnn,1
quest,1
time-energy-accuracy,1
co-optimized,1
progressive,2
snapshot,1
nonstandard,1
supervised,5
taxonomy,1
ram,1
mean,2
ev-segnet,1
event-based,2
cameras,2
sliding,2
samples,2
inclusion-exclusion,1
principles,1
partially,2
ordered,1
utilizing,2
compare,1
patches,1
mobius,1
model-oblivious,1
binarized,2
attentional,1
target,4
second-order,2
mini-batch,1
resnet-50,1
imagenet,1
35,1
epochs,1
equivalence,2
orthogonal,2
vectors,4
2d-3d,1
self-consistency,1
generalized,5
skeleton-based,1
bird's-eye,1
view,7
pooling,2
multi-person,2
pose,6
openpose,1
basins,1
attraction,1
minimizers,1
non-convex,1
spikes,1
hand,3
gesture,1
conversion,2
memory-efficient,1
compressed,2
multi-function,1
more,3
new,8
in-situ,1
combustion,2
computers,2
shape-conditioned,1
latent,4
appearance,2
pedestrians,1
backpropagation,2
uplink-downlink,1
interference,3
cell,1
associations,1
weakly,3
silhouette-based,1
analysing,1
emergent,1
users',1
messages,1
benefits,1
image-to-image,2
domain-specific,3
variational,8
bound,3
fogbus,1
blockchain-based,2
dula-net,1
dual-projection,1
estimating,4
rgb,1
panorama,1
affinity,3
fields,6
stopping,1
criteria,1
theoretic,1
traffic,3
danger,1
surveillance,1
adcrowdnet,1
attention-injective,1
deformable,3
crowd,4
course-of-value,1
induction,2
cedille,1
factory,1
collaborative,4
predictive,2
modeling,10
improve,4
veterinary,1
sensors,2
tool,4
low-complexity,1
channel,8
mmwave,2
informed,1
hype,1
high,8
performing,2
automatically,1
hypoglycemia,1
events,2
record,2
haptic,1
paradigm,1
challenges,9
studies,1
proton,1
therapy,1
company,1
building,1
floor,1
plan,2
images,15
textual,3
descriptions,1
english,1
multi-granularity,2
reading,4
comprehension,3
question,3
answering,3
privacy-preserving,3
controllable,2
loads,1
compensate,1
fluctuations,1
crc,1
serial,2
list,2
viterbi,1
decoding,4
autoconj,1
recognizing,1
conjugacy,1
regret,1
bounds,4
combinatorial,2
space,4
complexity,8
soft-output,1
low-precision,1
adcs,1
optimizable,1
c,1
trees,3
specifying,1
networked,1
server,1
sailboat,2
tacking,1
maneuver,1
principle,2
fundamental,2
solutions,2
compartmental,1
knapsacks,1
cost,5
viconmavlink,1
capture,1
co-processors,1
encoding,3
brain-computer,2
interfaces,1
optical,2
classifiers,3
guided,4
patch-wise,1
nonlocal,1
sar,2
despeckling,1
context-aware,3
social-based,1
congruence,1
dimensional,1
series,7
safe,2
deferred,1
reclamation,1
types,1
correction,3
attenuation,1
scatter,1
dcnn,1
time-of-flight,1
pet,1
non-volume,1
preserving-based,1
group-level,1
videos,5
lumbosacral,1
nerves,1
non-contrast,1
ct,3
radiographic,1
pilot,1
task,6
settings,2
part,1
generalize,1
viewpoints,1
limited,2
adoção,1
de,7
crm,1
em,1
micro,1
e,2
pequenas,1
empresas,1
uma,1
análise,2
mercado,1
santareno,1
meta-learning,3
few-shot,3
phenotyping,1
diabetes,1
2d/3d,1
megavoltage,1
registration,7
unrepresentative,1
phase,2
multi-phase,1
storage-optimal,1
matdot,1
coded,2
multiplication,4
k-nearest,1
neighbors,1
cartoon-to-real,1
translate,1
cartoon,1
realistic,2
camera-adaptive,1
color,1
constancy,1
tfidf,1
&,2
similarity,2
bipartite,1
synthesize,1
blur,1
aspects,2
cnn-cert,1
certifying,1
tree-structured,1
switching,1
multi-scale,2
labels,5
existing,2
nonexisting,1
multiview,2
canonical,3
correlation,3
enumeration,3
spheres,2
noiseless,1
setting,2
latent-variable,1
select,1
survival,4
metropolis-hastings,3
tuplemax,1
loss,7
identification,5
bccnet,1
classifier,2
combination,2
particle,3
probability,2
hypothesis,1
density,1
pairwise,2
chains,1
diagnosis,1
short-duration,1
12-lead,1
ecg,1
provably,1
fixed,1
budget,1
ranking,2
deeppos,1
autoencoder,4
csi,2
expensive,1
black-box,1
asynchronous,3
hybrid-criterion,1
interval,1
machine-learning,1
scheme,5
periodic,2
characteristics,1
haar,1
scattering,1
promising,1
b-jet,1
tagging,2
coordinate,1
ascent,1
oca,1
divergence-based,1
simultaneous,1
variable,2
length,4
sample,1
variance-reduced,1
cubic,2
regularization,2
results,2
rainbow,1
disconnection,1
composable,2
multi-client,1
delegated,1
quantum,6
computation,3
vector,2
lp-wavenet,1
prediction-based,1
wavenet,2
autoencoding,1
lagrangian,1
particles,1
explaining,3
coordinates,1
retinamatch,1
template,1
retina,2
teleophthalmology,1
state?,1
inertial,1
dimension,2
chaotic,1
ginzburg-landau,1
swag,1
algorithm;,1
mathematical,1
outperforms,1
traditional,1
learning.,1
implementation,1
fractional,1
demands,1
grand,1
reconstructing,2
differentiation,1
single-cell,1
rna-seq,1
direction,2
arrival,2
gcc-phat,1
pair,1
close,1
microphones,1
svd-phat,1
sound,3
source,2
temporal,8
convolutions,1
capnet,1
supervision,3
seget,1
rich,1
contextual,2
structures,5
electron,2
attributed,2
future-state,1
lstm,2
surgery,1
type,3
ccnet,1
criss-cross,1
partial,3
padding,1
center,1
advances,1
opportunities,1
motor,1
primitives,1
humanoid,2
across,2
explainable,1
intrusion,2
vertex-weighted,1
steiner,1
theoretical,1
limits,1
uncorrelated,1
rician,1
fading,2
compliant,1
fluidic,1
shared,2
representational,1
image-phrase,1
grounding,1
experience,2
replay,1
continual,3
toward,1
breaking,1
curse,1
fptas,2
programs,4
multidimensional,2
actions,1
scalar,1
states,2
sources,2
overview,4
racial,1
categories,1
developments,1
since,1
2014.,1
extended,2
abstract,2
2018,2
oberwolfach,1
meeting,1
plenary,1
lecture,1
subspace,2
pseudointensity,1
faces,1
hard,1
short,2
proof,2
theorem,5
j.-e.,1
pin,1
accelerating,2
sensitivity,3
microscopy,2
workflows,1
resolvability,1
secrecy,1
cribbing,1
multiple-access,1
structure-aware,1
processes,4
token,1
ethereum,2
waveletnet,1
logarithmic,1
scale,3
quantizing,1
motions,1
double-coset,1
prepare,1
expected,1
worst,1
reconfigurable,2
vectorizable,1
pseudorandom,1
number,3
generators,1
non-cryptographic,1
rsa,1
exponentiation,1
ciphers,1
audio-visual,3
analytics,2
forensic,1
investigations,1
terroristic,1
multi-step,1
ridge,1
polynomial,4
error-output,1
feedbacks,1
velocity,1
prior,3
end-to-end,6
escaping,1
plato's,1
cave,1
unstructured,2
collections,2
perspectives,1
approximate,3
schedules,1
non-migratory,1
jobs,1
speed-scaled,1
multiprocessor,1
hypergraph,1
anti-spoofing,1
attendance,1
successful,1
detectors,1
gospal,1
strategy-proof,1
mechanism,3
latency-prone,1
robotic,2
elastic,1
actuation,1
bi-lstm,1
unclog,1
brazil's,1
supreme,1
court,1
liver,1
label-constrained,1
reachability,1
queries,1
strike,1
easily,1
fooled,1
strange,1
poses,1
familiar,1
$hs^2$,1
over,10
hypergraphs,1
core-fringe,1
gender,2
differences,1
participation,2
reward,1
stack,1
overflow,1
formulating,1
qubo,1
dryer,1
artificial,5
intelligence,3
rnns,1
normalization,2
user-generated,1
texts,1
decentralization,1
hamiltonian,1
cycles,1
paths,2
hypercubes,1
disjoint,1
faulty,1
edges,1
identity,2
preserving,1
cross-domain,3
one-shot,2
counting,3
gradient-free,1
relu,1
fixed-length,1
bit-string,1
fingerprint,2
normalized,1
communication-efficient,1
on-device,1
distillation,3
augmentation,3
non-iid,1
private,6
l-csc,1
become,1
greenest,1
supercomputer,1
world,1
green500,1
november,1
2014,1
potential,2
ledger,2
technology,3
defence,1
enabling,2
technologies,2
unmanned,1
industry,1
4.0,1
isospectralization,1
or,2
hear,1
correspondence,1
enabled,2
marketplace,1
coordinate-based,1
texture,2
inpainting,1
pose-guided,1
girnet,1
interleaved,1
crowdcam,1
region,2
invariant,1
switched,1
discrete-time,2
trajectory-based,1
ball-in-maze,1
keypoint,1
spaces,2
espnetv2,1
light-weight,2
general,3
purpose,1
re-ranking,1
task-oriented,1
collective,1
bidirectional,1
green,2
science,2
millennial,1
students,1
examination,2
meshnet,1
quantum-like,1
documents,2
alea,1
iacta,1
est,1
persuasion,1
interim,1
rules,1
dice,1
transformation,2
fadlfederated-autonomous,1
deepmapping,1
map,1
mram-based,1
neurons,1
layout,1
spatiotemporal,1
transformations,2
self,1
contained,1
relative,1
low-cost,1
multi-robot,2
sketch-based,1
triplet,1
siamese,2
cascade,1
multi-document,1
formal,4
cnn-based,1
perception,3
re-transmissions,1
rewards,1
future,1
circuit,1
multi-label,1
meka,1
ways,1
build,1
evaluate,2
individual,2
two-dimensional,1
swarms,1
constructions,2
involutions,1
shapes,1
euler,1
characteristic,1
curves,2
characterizing,2
shortest,1
road,3
modeled,1
manhattan,1
poisson,1
line,1
bounded-degree,2
topologies,2
neighborhood,1
cylks,1
cycle,1
lucas-kanade,1
labeling,1
higher-order,2
regionlets,1
blended,1
generic,3
adventures,1
formalisation,1
financial,5
modules,1
moving,1
poster,1
skin,1
lesion,2
u-net,1
good,1
driven,2
successor,1
attribution,1
dataset,7
chemistry,1
wave-u-net,1
upper,2
reverse,1
hypercontractivity,1
prioritizing,1
starting,1
intra-class,1
variation,1
isolation,2
questioning,1
behind,1
fairness,3
patch-based,1
upsampling,1
compact,2
root,1
linearized,2
polynomials,1
nonlinearity,1
boolean,2
functions,5
drive?,1
factors,1
driveability,1
untold,1
operational,1
wi-fi,2
calling,1
countermeasures,2
player,1
variable-length,1
logs,2
dominion,1
bi-objective,1
aware,3
composition,2
lme4,1
r,1
package,1
generalizing,1
emerging,3
iot,5
synthesizing,1
tabular,1
fault,2
tolerant,1
deadlock-free,1
routing,2
protocol,1
network-on-chip,1
configuration,2
harvesting,1
shelfnet,1
cmd,1
multi-channel,2
coordination,1
emergency,1
message,1
dissemination,1
ieee,1
1609.4,1
floating,1
connectivity,2
multi-hop,1
underwater,2
sensor,2
5-valued,1
spectra,1
exclusive,1
xae,1
nucleus,3
hematoxylin,1
eosin,1
h&e,1
stained,1
histopathological,1
wrangling,1
messy,1
csv,1
files,1
row,1
compositional,2
imperfect,2
word,3
light,3
uncoupled,1
intersections,1
real-world,2
organ,1
iou,1
grammars,1
molecule,2
undermining,1
dlhub,1
serving,2
calibrating,1
transformer,2
gaternet,1
dedicated,1
gating,1
node,3
diversification,1
decentralized,5
semantically-aware,2
population,1
scan2cad,1
cad,1
alignment,2
rgb-d,4
scans,3
double,1
occurrence,1
words,2
motivated,1
dna,2
rearrangement,1
autostackability,1
thompson's,1
group,5
$f$,1
interlacing,1
personal,1
reference,3
genomes,1
disease-variant,1
martingales,2
kalman,1
demystified,1
intuition,1
graphical,2
markets,2
topological,5
restoration,1
re-visiting,1
single-phase,1
liquid,2
steel,1
ladle,1
stirred,1
gas,2
acoustics-guided,1
age,1
asr,1
calibration,1
integration,4
error,2
sigma-point,1
filters,4
pham's,1
diagonalization,1
mixture,3
revisited,2
tests,2
confidence,1
first-order,1
newton-type,1
chinese,3
remainder,1
numbers,1
wrapped,1
lagged,1
correlation-based,1
directional,1
trend,1
note,1
sampling,6
partitioned,1
encompassing,1
convnets,2
v2,1
integrated,1
tracklet-conditioned,1
label-noise,1
class-distinct,1
class-mutual,1
cross-lingual,2
approaches,2
uncoded,1
caching,2
databases,1
finegan,1
disentanglement,1
hypotheses,1
kernel,4
descriptors,2
mg-wfbp,1
synchronous,1
sgd,1
soc,1
hunting,1
underground,1
inside,3
story,1
social-network,1
opinion,1
comment,1
see,2
before,1
speed,2
aperture-robust,1
event-driven,1
concept-centered,1
hypertext,1
case-based,1
descriptive,1
unions.,1
fibre,1
bundle,1
characterization,3
union,1
descriptively,1
near,2
prevention,1
against,3
rts,1
lan,1
unprocessing,1
raw,3
leasgd,1
integrating,2
proofs,1
checking,2
instrument,1
um,2
sistema,1
aquisição,1
dados,1
para,1
extração,1
conhecimento,1
da,2
plataforma,1
ebit,1
fsm,1
timeouts,1
solving,3
detect,1
dysarthria,1
roots,1
isabelle/hol,1
budan-fourier,1
bilinear,2
differentiable,2
rank-regularization,1
von,1
neumann,1
quadratic,1
approximations,2
mobiface,1
ultra-dense,1
smart,4
cities,2
cloud-ran,1
fog-ran,1
cell-free,2
analytical,2
warping,1
noise,3
directions,1
representative,1
substitution,1
dense,3
xunit,1
manipulability,1
low-interference,1
n-continuous,1
ofdm,1
translating,1
discocat,1
3ps,1
identities,1
convexity,1
collaboration,1
chordal,1
triangular,1
top-down,2
arena,1
competitions,1
explicit,3
self-dual,1
cyclic,2
$\mathbb{f}_{2^m}+u\mathbb{f}_{2^m}$,1
$2^s$,1
dirichlet,2
credibility,1
listed,1
companies,1
sentiment,4
articles,1
indicators,1
heart,2
failure,1
uk,1
ehr,2
cues,1
k-means,1
correcting,1
discourse,1
sentences,1
conceptors,1
post-processing,1
conceptor,1
negation,1
aspect-level,1
cgmh,1
sentence,3
negacyclic,1
$2^kn$,1
$\mathbb{z}_4+u\mathbb{z}_4$,1
generating,4
responses,2
expressing,1
facilitating,1
manual,1
annotation,2
sounds,1
when,2
taxonomies,1
hcqa,1
corpus,3
eliminating,1
exposure,2
loss-evaluation,1
mismatch,1
garnet,1
two-stream,1
cloth,1
draping,1
endowed,1
practices,1
static,1
noise2void,1
non-stationary,1
fact,1
extraction,3
fever,1
item,1
magicvo,1
odometry,2
bi-directional,1
charting,1
rdf,1
flu,1
instagram,1
cross-technology,1
doppler,1
shifts,1
remote,1
ids,1
testbed,1
process,5
migration,1
cloud-fog-edge,1
single-agent,1
guarantees,2
advertising,1
facebook,2
deepvisinterests,1
cnn-ontology,1
users,1
interests,1
one,4
glance,1
gated,2
architecture,5
hermitian,1
laplacians,1
cheeger,2
inequality,2
max-2-lin,1
into,3
offline,2
kernel-based,1
agents',1
abilities,1
beta,1
drift,1
2d-lstm,1
really,1
dead,1
recognition?,1
dsbi,1
double-sided,1
braille,2
dots,2
chasing,1
echo,1
property,1
undemon,1
2.0,1
depth,3
ego,1
lower,1
approximating,1
max-cut,1
stylization,1
fully,4
derivation,1
merge,1
non-uniform,1
quantizer,1
targeting,1
hardware,3
sapiens,2
cybersecurity,1
,2
low,4
latency,3
view-specific,1
sparsely,1
annotated,1
astroserv,1
database,2
life-cycle,1
astronomical,1
fair,2
division,1
secretive,1
agent,2
cro's,1
dilemma,2
utilization,1
environmentally,1
friendly,1
time-domain,1
astronomy,1
bug,1
compiler,1
could,1
exploited,1
backdoors?,1
algae,1
cian,1
cross-image,1
net,1
organizations,1
maximizing,1
error-correcting,1
part-level,1
frequency,4
indicator,1
big,1
schur,1
complement,1
scake,1
keyword,2
cognition,1
commonsense,1
deadline-constrained,1
frank-wolfe,1
finite-time,1
pursuit,1
interception,1
opportunistic,1
relays,1
within,2
pvsio-web,1
notebook,1
format,1
holistic,1
embedded,3
paper,1
isabelle/jedit,1
ide,1
languages,1
informal,2
parts,1
openjdk's,1
api,2
key,1
alloy,1
instances,1
asmetaf,1
flattener,1
asmeta,1
combinator,1
synthesizer,1
proving,1
program,2
verifier,1
noise-tolerant,1
attention-based,1
activity,1
hashing,3
movie,1
microblogging,1
colourization,1
probability-based,1
quality,5
pdq,1
interpretable?,1
decision-support,1
methodology,1
adaptive-similarity,1
informative,1
location,1
collection,3
push,1
choice-based,1
inherent,1
minimized,1
fcn,1
dehazing,1
captioning,2
wavelet,1
true,2
tackling,1
gradients,2
softmax,1
leaky,1
squared,1
attentive,3
distant,1
verb,1
argument,1
alternations,1
tagged,1
activations,1
batched,1
cover,1
synaptic,1
plasticity,1
quality-aware,2
duplication,1
speaker,3
diarization,1
lexical,1
long-term,1
proposing,1
robocup@home,1
league,1
grasp,1
satisfaction,2
manipulation,2
hands,1
bilevel,2
query,1
max,1
conflict,1
polydot,1
match-net,1
enresnet,1
resnet,2
feynman-kac,1
formalism,1
experts,1
fmri,1
eco-friendly,1
geo-distributed,1
centers,2
considering,1
workload,1
dissecting,1
internet's,1
fiber,1
infrastructure,1
donut,1
ctc-based,1
query-by-example,1
spotting,1
dynamicgem,1
lifelong,1
information-seeking,1
argumentation-based,1
mist,1
laplacian,2
nearly-linear,1
lu,1
factorizations,1
ignor,1
image-guided,1
priors,1
single-view,1
bilateral,1
high-level,2
audio,2
waves,1
mel-spectrograms,1
modular,2
time-aware,1
view-aware,1
lsta,1
long,2
short-term,2
egocentric,1
relational,1
may,2
help,1
you?,1
assisting,1
implicitly,1
matched,1
interest,1
points,1
imips,1
spiking,1
normad,1
intolerance,1
size,2
schelling-type,1
spin,1
penalization,1
nash,1
equilibrium,1
disabilities,1
gansfer,1
labelled,1
unlabelled,1
uncertain,1
art2real,1
unfolding,1
artworks,1
stepping,1
stones,1
inductive,1
looping,1
heloc,1
applicant,1
abduction-based,1
show,1
tell,2
grounded,1
captions,1
computations,2
during,1
harmful,1
helpful?,1
trust,1
peer-to-peer,2
marketplaces,1
space-time,2
architectures,1
grsus,1
gerenciamento,1
recursos,1
saúde,1
estudo,1
sob,1
ótica,1
portaria,1
gm/ms,1
1631/2015,1
no,2
estado,1
pará,1
knots,1
reliable,1
estimate,1
antibiotic,1
resistance,1
langevin,2
classifications,1
quasitrivial,1
semigroups,1
maximal,1
adc,1
clock,1
transmission,2
clustered,1
d2d,1
refined,1
vocoder,1
voice,3
rotting,1
harder,2
than,3
ones,1
likelihood,1
phylogenetic,1
clearance,1
bacterial,1
colonization,1
missing,1
regulation-triggered,1
least-squares,1
non-observable,1
parameters,1
variability,1
high-dimensional,2
index,2
volatility,1
mixtures,1
soft,1
shockwave,1
dissection,1
visualizing,1
entailment,1
visually-grounded,1
hogwild!-gibbs,1
panaccurate,1
maintaining,1
matchings,1
snow,1
grammar-based,1
stacked,2
stigmergy,1
incorporate,1
deceived,1
illusions,1
low-dose,1
skip,2
connection,1
elementary,2
correlations,2
predicts,1
cardiologists,1
similarity-preserving,1
image-image,1
students',2
diagnostic,2
cross-data,1
unlock,1
entity,2
projected,1
iterations,1
multi-matching,1
categorization,1
contours,1
medial,1
axis,1
salience,1
recovery,2
stroke,1
stitched,1
mri,4
interpolation,1
imagery,1
transition,3
evm,1
simo-sc,1
metacsl,1
specification,1
properties,2
tracing,1
reduce,1
effort,1
delineation,2
failure-less,1
aho-corasick,1
expandnets,1
redundancy,1
train,1
cross-view,1
gait,2
evidence,3
discriminant,1
diggan,1
10000,1
backhaul,1
receivers,1
auctioning,1
electricity,3
renewable,1
penalty,1
shortfall,1
icprai,1
si,1
preprocessing,1
multi-class,2
imbalance,1
tree-constrained,1
regular,1
interpretability,2
scan2mesh,1
range,1
meshes,1
implementing,1
omics,1
pyramid,2
considroid,1
concolic-based,1
sql,1
injection,1
vulnerability,1
apps,1
signal,2
strength,1
following,1
planetary,1
rovers,1
encodings,1
factored,1
mr-gan,1
regularized,1
ecological,1
creating,2
contemporary,1
similes,1
serbian,1
handling,1
imbalanced,1
knowledge-based,1
polish,1
brain,2
stimulation,1
dbs,1
intra-operative,1
efficacy,1
maps,2
gastap,1
analyzer,1
kleene,1
algebra,1
observations,2
quantifying,2
attacker,1
version,1
live,1
blind,2
ineffectual,1
lstms,1
pathological,2
foveal,1
avascular,1
zone,1
ophthalmological,1
oct-a,1
disentangling,1
influence,1
parsrec,1
recommending,1
bibliographic,1
parsers,1
mr.,1
dlib's,1
recommender-system,1
chemical,1
reaction,1
residential,1
space-and-time,1
autoencoders,3
me,1
something,1
my,1
friends,1
not,1
know,1
diversity,1
pair-wise,1
exchangeable,1
arbitrary,1
matchable,1
roll-calls,1
european,1
parliament,1
multiplex,1
signed,1
relationship,1
essentially,1
clusterings,1
expander,1
investigation,2
dispersion,1
correlator,1
antenna,1
feedforward,1
multi-hierarchical,1
self-tallying,1
multi-party,2
interface,1
stimuli,1
kurdish,1
transliteration,1
ovpc,1
free-space,1
ground,1
extensive,1
generalised,2
compressible,1
learnable,1
encryption,1
untrusted,2
monogrnet,1
brain-inspired,2
operator,1
beliefs,1
meaningful,1
augmenting,1
consultants,1
term,2
attentioned,1
inpaintingnetwork,1
swarm,1
optimizer,1
multi-stage,1
genetic,1
vlsi,1
intel,1
drive,1
battery,1
oscillation,1
damping,1
city-scale,1
audit,2
device-to-device,1
multicast,1
codebook,1
cells,1
3d-lanenet,1
lane,1
role-related,1
twitter,1
instanas,1
instance-aware,1
idd,1
unconstrained,1
bird,1
species,1
gold,1
standard,1
implanting,1
rational,1
morpheme,1
phase-only,1
single-image,1
deblurring,1
bringing,1
blurry,1
alive,1
frame-rate,2
camera,1
multilevel,1
kinect,1
body,1
refactoring,1
packages,1
unit,2
enlarged,1
which,1
go,1
usability,1
mid-air,1
gestures,1
lsicc,1
satellite,1
barrier,1
covering,1
equal,1
circles,1
input,1
multi-observer,1
lti,1
actuator,1
variance,1
uplift,1
occupancy,1
personalized,2
product,3
collaging,1
intuitive,1
transfiguration,1
shot,1
filterreg,1
point-set,1
twist,1
transform,1
places,1
hci,1
public,1
refugees,1
accommodation,1
foreground,1
visually,2
impaired,2
evoplex,1
agent-based,1
dependent,1
outliers,1
cooperation,1
prisoner's,1
abstention,1
model-based,1
rare,1
sleep,1
staging,1
smartphone,1
wearable,1
50,1
years,1
unfairness,1
lessons,1
marine,2
strategically,1
deployed,1
drifters,1
warpgan,1
caricature,1
autoregressive,1
welfare,1
neutrality,1
regulation,1
reinforced,1
cross-modal,1
imitation,1
vision-language,1
discover,1
localize,1
vocabulary,1
window,1
sums,1
determination,1
asthma,1
triggers,1
sensing,1
innovation,1
causal,2
iris,2
presentation,1
seems,1
polya,1
hilbert-artin,1
putinar's,1
focusing,1
threat,1
facade,1
urban,1
procedural,1
semantically,1
cognitively-inspired,1
homeostatic,1
balance,1
conflicting,1
needs,1
path-constrained,1
sink,1
stressful,1
peripheral,1
biosignals,1
threshold,1
background,1
subtraction,1
dissimilarity,1
coefficient,1
describe,1
attend,2
structural,1
binocular,1
rivalry,1
comparative,2
sun,1
actually,1
predict?,1
technique,1
roi,1
cross-object,1
updates,1
kv,1
low-resolution,2
externalities,1
socially-based,1
sharing,2
dry,1
history,1
poisoning,1
behavioral,1
malware,1
secure?,1
filtering,2
state-dependent,1
learning-convolutional,1
webly,1
labeled,1
terrestrial,1
scan,2
pairs,2
rnn,1
glottal,1
closure,2
instants,1
newton,1
step,1
estimated,1
cryptonets,1
encrypted,2
pipeline,2
hospitals,1
blockchain-driven,1
transparent,2
countering,1
selfish,1
mining,2
blockchains,1
loop,1
multi-dimensional,1
extension,2
pcgan,1
partition-controlled,1
average-case,1
intelligence-communication,1
part-i,1
tonality-alignment,1
radmpc,1
chance-constrained,1
multi-vehicle,1
path-planning,1
steady-state,1
non-line-of-sight,1
2-edge-connected,1
subgraphs,1
classes,1
biscotti,1
tge-viz,1
traces,1
neuroimaging,1
disparate,1
shape-aware,1
optimizations,1
implications,1
forward,2
variants,1
simplified,1
analyze,1
complementary,1
trade-offs,1
continuous-time,2
subject,1
measurement,1
information-theoretic,1
axes-parallel,1
disk,1
np-hard,1
hydra,1
peer,2
cryptographic,1
modified,1
cryptosystem,1
complement-free,1
couples,1
communicate,1
result,2
two-player,1
conditioned,1
regularizers,1
quantization,1
fanet,1
rgb-t,1
repair,1
bot?,1
insights,1
repairnator,1
project,1
outage,1
selective-decode,1
varying,1
condition,1
attribute-aware,1
keep,1
drawing,1
language-based,1
oclep+,1
one-class,1
minimal,1
three,1
euler's,1
sieves,1
prime,1
novelty,1
context-based,2
layered,1
multi,1
please!,1
defense,1
rectification,1
preservation,1
evolutionary-neural,1
adaptivity,1
multi-resolution,1
streamlining,1
quicknat,1
whole-brain,1
structure-wise,1
cliques,1
complementarity,1
predictions,1
puzzles,1
three-dimensionally,1
3dgcn,1
minios,1
instructional,1
teaching,2
labs,1
summarization,1
superpixel,1
mrf,1
senti-attend,1
recurrently,1
controlled,2
negative,2
retrieval-based,1
where,1
insertion,1
a^2net,1
adjacent,1
raindrop,1
removal,1
sewer,1
rats,1
explorative,1
field,1
game-based,1
app,1
graduate,1
defactor,1
factorization-based,1
average,1
precision,1
mlgap,1
hashing-based,1
activate,1
nodes,1
inter-sentiment,1
employing,1
avoiding,1
automating,2
multishot,1
divergence,2
vessel-tree,1
connecting,1
mle,1
rl,1
mlmodelscope,1
units,1
multi-variable,1
long-short,1
wind,1
trims,1
isolated,1
learninginference,1
in-network,1
congestion-aware,1
transport,1
generate,1
segment,1
replace,1
ac,1
explicability?,1
legibility?,1
predictability?,1
transparency?,1
privacy?,1
security?,1
landscape,1
behavior,2
costless,1
serverless,1
placement,1
representer,1
curvature,1
vice,1
versa,1
dancing,1
dark,1
geolocation,1
homogeneity-based,1
transmissive,1
false,2
multilevel-coded,1
pulse-position,1
covert,1
binary-input,1
memoryless,1
realizing,1
traceability,1
e-commerce,1
web,1
detailed,1
cbir,1
enhancing,1
engagement,1
token-curated,1
registries,1
inflationary,1
curricular,2
reforms,1
pedagogical,1
innovations,1
bubble,1
integrationdistiller,1
object-oriented,1
visuomotor,1
humanoids,1
entropies,1
metric-invariant,1
symmetric,1
cervical,2
cytology,1
cervix93,1
core-selecting,1
timbretron,1
wavenetcyclegancqtaudio,1
timbre,1
neurotreenet,1
explore,1
horizontal,1
expansion,1
persistent,1
radii,1
strong,1
converse,1
exponent,1
classical-quantum,1
constant,1
compositions,1
base-stations,1
air,1
multi-uav,1
min-rate,1
c-ran,1
isoperimetric,1
log-approximate-rank,1
conjecture,1
also,1
lectures,1
moebius-lie,1
hynet,1
ac/dc,1
selected,1
non-gaussian,1
transitions,1
underlying,1
cultural,1
evolution,1
consensus,1
effects,1
covariates,1
physics,1
hadron,2
collider,2
rejoinder,1
role,1
computation?,1
please,1
stop,1
black,1
box,1
stakes,1
decisions,1
duality,1
cartan's,1
magic,1
formula,1
simplicial,1
complexes,1
anatomy,1
cryptocurrency,1
pump-and-dump,1
pca,1
inexact,2
sarah,1
exponential,1
logarithm,1
rank,1
sparsecast,1
digital-analog,1
promises,1
pitfalls,1
super-level,1
on-chip,1
wall,1
synapse,1
intersectionality,1
expectation,1
evacuation,1
departure,1
travel,1
hurricanes,1
memoir,1
extreme,1
margin,1
polar,1
alternating,1
preterm-birth,1
physics-informed,1
cokriging,1
gaussian-process-regression-based,1
multifidelity,1
data-model,1
amortized,1
sincnet,1
voxelized,1
atomic,1
configurations,1
atomistic,1
potentials,1
solid-solution,1
alloys,1
structure-based,1
streaming,1
cross,1
quaternion,1
lasso,1
allows,1
pathways-pathways,1
physics-aware,1
synthetic,1
microstructures,1
semidefinite,1
cone,1
guacamol,1
novo,1
three-dimensional,1
chromatin,1
defining,1
rough,1
tolerances,1
compatible,1
bytes,2
need,1
multilingual,1
pileup,1
mitigation,1
concentration,1
frobenius,1
norm,1
inverses,1
biologically,1
plausible,1
