on,20
the,38
implicit,1
assumptions,3
of,68
gans,5
challenging,1
common,3
in,66
unsupervised,7
learning,83
disentangled,1
representations,4
evaluation,4
complex-valued,1
neural,40
networks,43
real-valued,1
classification,13
tasks,2
transferability,1
between,3
datasets,1
and,70
locally,1
differentially-private,1
randomized,2
response,1
for,131
discrete,1
distribution,2
effect,3
heterogeneous,3
data,17
alzheimer's,1
disease,4
detection,15
from,15
speech,7
unifying,1
stochastic,11
adversarial,22
bandits,6
with,42
knapsack,1
machine,12
electronic,1
health,2
records:,1
models,16
features,2
usages,1
to,27
predict,1
medication,1
non-adherence,1
early,1
stratification,1
patients,1
at,4
risk,6
postoperative,1
complications,1
after,2
elective,1
colectomy,1
bayesian,11
network,29
ensembles,2
reason,1
third-order,1
tensor,3
products,1
a,58
snapshot,1
nonstandard,1
supervised,2
problems:,1
taxonomy,,1
relationships,2
methods,3
second-order,1
optimization,7
method,7
large,5
mini-batch:,1
training,11
resnet-50,1
imagenet,1
35,1
epochs,1
deep,40
pedestrians:,1
backpropagation,2
cnns,3
prediction,8
factory:,1
automated,2
development,1
collaborative,2
predictive,2
autoconj:,1
recognizing,1
exploiting,4
conjugacy,1
without,1
domain-specific,1
language,6
regret,2
bounds,2
combinatorial,1
multi-armed,1
linear,7
space,2
complexity,2
predicting,5
computational,1
cost,1
phenotyping,1
using,34
learning:,2
diabetes,2
case,2
study,2
unrepresentative,1
video,4
data:,1
review,1
new,3
convergence,2
aspects,1
gradient,9
algorithms,4
cnn-cert:,1
an,12
efficient,11
framework,5
certifying,1
robustness,7
convolutional,11
tree-structured,1
recurrent,6
switching,1
dynamical,1
systems,5
multi-scale,2
modeling,3
diverse,1
image,6
synthesis,5
semantic,5
layouts,1
via,12
conditional,3
imle,1
smoothed,1
analysis,11
decoupling,2
touchdown:,1
natural,2
navigation,2
spatial,2
reasoning,2
visual,5
street,1
environments,3
labels,4
existing,1
nonexisting,1
graph,6
multiview,2
canonical,1
correlation,1
robust,11
cluster,2
enumeration,1
spheres:,1
inference,9
examples,1
noiseless,1
setting,2
latent-variable,1
model,10
application,4
select,1
treatment,3
intensity,1
survival,5
incremental,1
scene,1
face,2
operating,1
room:,1
comparison,2
state-of-the-art,1
self-supervised,2
approach,10
regression,6
by,7
clustering,9
metropolis-hastings,3
tuplemax,1
loss,4
identification,4
improving,1
hospital,1
mortality,1
medical,2
named,1
entities,1
multimodal,5
bccnet:,1
classifier,1
combination,1
counterfactual,1
human,1
proofreading,1
feedback,1
parsing,1
imagenet-trained,1
are,5
biased,1
towards,4
texture;,1
increasing,1
shape,1
bias,3
improves,1
accuracy,1
scoring,2
driving,1
safety,2
credit,1
trajectory,1
as,3
applied,2
surveys,1
interaction,2
dimensionality,1
reduction,3
based,8
exploration,1
automatic,3
diagnosis,1
short-duration,1
12-lead,1
ecg,1
ai,4
system,6
employees,1
manufacturing,1
industries,1
developing,1
countries,1
deeppos:,1
autoencoder,1
csi,1
indoor,1
localization,4
what,2
should,1
i,1
learn,1
first:,1
introducing,1
lecturebank,1
nlp,1
education,1
prerequisite,1
chain,2
data-parallel,1
distributed,7
very,1
beyond,3
gpu,1
capacity,1
opioid,1
relapse,1
social,2
media,2
adverse,1
information,4
symmetrization,1
embedding,5
directed,1
graphs,4
effective,3
resistance-based,1
germination,1
seed,1
sets,1
community,3
parallel,1
protein,1
large-scale,1
ppi,1
multi-source,1
improved,3
embeddings,3
multilayer,2
global,2
expensive,1
black-box,1
asynchronous,1
hybrid-criterion,1
interval,1
machine-learning,1
phase,1
scheme,2
anomaly,2
signals,1
periodic,2
characteristics,1
nonlinear,2
diffusion,1
problems,2
imaging,3
haar,1
scattering,1
pattern,1
recognition:,2
promising,1
representation,2
its,3
b-jet,1
tagging,2
tea-dnn:,1
quest,1
time-energy-accuracy,1
co-optimized,1
feature,4
selection,5
optimal,4
coordinate,2
ascent,1
(oca),1
divergence-based,1
simultaneous,1
variable,1
length,2
time,6
series,3
power,2
hybrid,2
mean,3
estimation,5
sample,1
variance-reduced,1
cubic,1
regularization,1
support,1
vector,1
variational,6
autoencoding,1
lagrangian,1
trajectories,2
particles,1
combustion,1
explaining,3
manifold,3
coordinates,1
knapsacks,1
estimating,1
inertial,1
dimension,1
chaotic,1
attractor,2
complex,3
ginzburg-landau,1
equation,2
meta-learning,2
few-shot,2
swag,1
algorithm;,1
mathematical,1
that,1
outperforms,1
traditional,1
learning.,1
theory,1
implementation,1
reconstructing,1
probabilistic,4
trees,2
cellular,2
differentiation,1
single-cell,1
rna-seq,1
synthesize,1
motion,1
blur,1
gaternet:,1
dynamic,6
filter,5
dedicated,1
gating,1
hierarchically,1
structured,1
reinforcement,11
topically,1
coherent,2
story,1
generation,5
attentive,1
product,1
explainable,1
intrusion,2
shared,1
representational,1
geometry,1
across,1
experience,1
replay,1
continual,3
identifying,1
managing,1
sources,1
uncertainty,2
-,1
overview,2
racial,1
categories,1
structure-aware,1
online,3
algorithm,6
markov,2
decision,4
processes,2
waveletnet:,1
logarithmic,1
scale,1
edge,1
devices,1
multi-step,1
forecasting,3
ridge,1
polynomial,1
error-output,1
feedbacks,1
selection:,1
survey,1
perspectives,1
$hs^2$:,1
active,2
over,2
hypergraphs,1
dryer,1
artificial,2
intelligence,1
gradient-free,1
attack,2
relu,1
communication-efficient,1
on-device,1
federated,2
distillation,2
augmentation,2
under,1
non-iid,1
private,4
girnet:,1
interleaved,1
multi-task,2
state,4
sequence,3
trajectory-based,1
ball-in-maze,1
games,1
collective,2
matrix,2
factorization,2
augmented,1
multi-view,1
semi-supervised,5
bidirectional,1
emotion,2
utilizing,1
generative,11
formal,2
verification,1
cnn-based,1
perception,2
control,2
through,3
non-parametric,1
discriminative,1
rewards,1
ways,1
build,1
evaluate,2
individual,2
distributions,1
attribution,1
decode,1
dataset,3
chemistry,1
prioritizing,1
starting,1
states,1
generalizing,1
scaling,1
configuration,2
energy,1
harvesting,1
sensors,1
grammars,1
molecule,2
understanding,3
impact,1
entropy,1
policy,3
dlhub:,1
serving,1
science,1
calibrating,1
uncertainties,1
object,3
task,3
semantically-aware,1
population,1
analyses,1
attributed,1
incomplete,1
structure,3
multi-level,1
image-phrase,1
grounding,1
interlacing,1
personal,1
reference,2
genomes,1
disease-variant,1
kalman,1
demystified:,1
intuition,1
graphical,2
real,1
financial,5
markets,1
velocity,1
prior,3
knowledge,2
continuous,1
trade-off,1
fast,2
accurate,1
detectors,1
document,2
bi-lstm,1
unclog,1
brazil's,1
supreme,1
court,1
strike,1
(with),1
pose:,1
easily,1
fooled,1
strange,1
poses,1
familiar,1
objects,1
core-fringe,1
link,1
reconstruction,2
flow,1
calibration,1
numerical,2
integration,1
error,4
sigma-point,1
filters,2
pham's,1
joint,3
diagonalization,1
mixture,3
martingales,1
revisited,1
applications,1
sequential,2
tests,2
confidence,1
intervals,1
composable,1
mram-based,1
neurons,1
first-order,1
newton-type,1
estimator,1
statistical,2
chinese,2
remainder,1
theorem,2
multiple,4
numbers:,2
wrapped,1
gaussian,3
higher-order,1
enhancement,1
wave-u-net,1
universal,3
intra-class,1
variation,1
isolation,1
questioning,1
behind,1
fairness,2
solutions,1
lagged,1
correlation-based,1
directional,1
trend,1
change,1
patch-based,1
progressive,1
3d,4
point,3
set,2
upsampling,1
strategy,2
vehicular,1
floating,1
content,1
management,1
iterative,1
transformer,1
cloud,1
partitioned,1
inference:,2
unified,2
encompassing,1
finegan:,1
hierarchical,3
disentanglement,1
fine-grained,1
discovery,2
track,1
xplorer:,1
sensor-based,1
motor,1
activity,2
predictions,1
clustrophile,1
2:,1
guided,1
leasgd:,1
privacy-preserving,2
decentralized,1
arena,1
model:,1
about,1
competitions,1
non-stationary,1
spectral,2
kernel,2
flu,1
instagram,1
kernel-based,2
contextual,1
beta,1
drift,1
adaptive,2
classifiers,2
non-uniform,1
quantizer,1
quantized,1
targeting,1
reconfigurable,1
hardware,3
frank-wolfe,1
attacks,2
is,4
interpretable?,1
design,2
interpretable,2
decision-support,1
adaptive-similarity,1
node,1
scalable,1
push,1
accurate,,1
data-efficient,1
noisy,,1
choice-based,1
inherent,1
match-net:,1
enresnet:,1
resnet,1
ensemble,3
feynman-kac,1
formalism,1
experts,1
fmri,1
encoding,2
donut:,1
ctc-based,1
query-by-example,1
keyword,1
spotting,1
dynamicgem:,1
library,1
target,1
recognition,4
heloc,1
applicant,1
performance,4
topological,2
decomposition,1
noisy,2
computations,3
during,1
harmful,1
or,1
helpful?,1
label-noise,1
class-distinct,1
class-mutual,1
knots,1
random,4
simple,1
hypotheses,1
reliable,1
estimate,1
antibiotic,1
resistance,1
langevin,2
dynamics,3
unprocessing,1
images,2
learned,2
raw,2
denoising,1
problem,1
rotting,1
no,1
harder,1
than,2
ones,1
latent,2
dirichlet,2
allocation,1
residual,1
evaluating,1
credibility,1
listed,1
companies,1
sentiment,2
news,2
articles,1
indicators,1
clinical,1
concept,2
heart,2
failure,1
uk,1
ehr,2
correcting,1
discourse,1
sentences,1
conceptors,1
post-processing,1
word,1
vectors,1
conceptor,1
negation,1
coarse-to-fine,1
transfer,6
aspect-level,1
cgmh:,1
constrained,1
sentence,2
sampling,2
generating,1
responses,1
expressing,1
open-domain,2
dialogue,2
facilitating,1
manual,1
annotation,1
sounds,1
when,2
taxonomies,1
acquisition,1
clearance,1
bacterial,1
colonization,1
missing,1
geometric,1
surface,1
one,1
glance:,1
gated,1
architecture,5
hand,1
segmentation,4
chasing,1
echo,1
property,1
sparsity,1
:,1
faster,1
eigenvector,1
computation,2
algae,1
computer,1
vision,1
coding,1
deadline-constrained,1
multi-channel,1
high-dimensional,2
index,1
volatility,1
stein's,1
identity,1
coded,2
generalized,1
polydot,1
codes,1
multiplication,1
induction,1
tree,1
lifelong,1
combining,1
high-level,1
audio,2
waves,1
mel-spectrograms,1
alignment,1
process,3
mixtures,1
spiking,1
normad,1
spatio-temporal,1
stepping,1
stones,1
inductive,1
low-level,1
looping,1
programs,1
evolving,1
space-time,1
architectures,1
videos,3
hogwild!-gibbs,1
can,1
be,1
panaccurate,1
predicts,1
better,1
cardiologists,1
longitudinal,1
patient,2
icprai,1
2018,1
si:,1
preprocessing,1
multi-class,2
imbalance,1
how,2
improve,2
interpretability,1
implementing,1
omics,1
size,1
mr-gan:,1
regularized,1
skip,2
ineffectual,1
lstms,1
against,2
channel,1
pathological,2
voice,1
differential,2
view,1
challenges,1
feedforward,1
instanas:,1
instance-aware,1
search,3
variance,1
uplift,1
frequency,1
principle,1
general,1
functions,3
potential,1
end-to-end,3
model-based,2
rare,1
diagnostic,1
planning,2
autoregressive,1
poisoning,1
behavioral,1
malware,1
settings,1
secure?,1
autoencoders,2
filtering,1
newton,1
step,1
estimated,1
average-case,1
biscotti:,1
ledger,1
secure,1
peer-to-peer,1
facebook,1
centers:,1
characterization,,1
optimizations,1
implications,1
regularizers,1
quantization,2
oclep+:,1
one-class,1
minimal,1
emerging,1
patterns,1
evolutionary-neural,1
agents,1
three-dimensionally,1
embedded,1
(3dgcn),1
interpretation,1
characterizing,1
avoiding,1
negative,1
connecting,1
dots,1
mle,1
rl,1
mlmodelscope:,1
measure,1
ml,1
within,1
pipelines,1
multi-variable,1
stacked,1
long-short,1
term,1
memory,2
wind,1
speed,1
representer,1
curvature,1
regularization,,1
vice,1
versa,1
gan,2
dissection:,1
visualizing,1
stigmergy,1
incorporate,1
into,1
low-dose,1
ct,1
cnn,1
connection,1
clear:,1
compositional,1
elementary,1
acoustic,2
leveraging,1
correlations,2
compression,1
expandnets:,1
redundancy,1
train,1
small,1
tree-constrained,1
relation,1
creating,2
contemporary,1
corpus,1
similes,1
serbian,1
processing,2
live,1
blind,1
aid,1
parsrec:,1
novel,1
recommending,1
bibliographic,1
parsers,1
mr.,1
dlib's,1
scientific,1
recommender-system,1
api,1
physics,1
mining,2
hadron,2
collider,2
rejoinder,1
"probabilistic,1
integration:,1
role,1
computation?",1
generalised,1
privacy,1
text,2
3d-lanenet:,1
lane,1
please,1
stop,1
black,1
box,1
high,1
stakes,1
decisions,1
collaging,1
internal,1
representations:,1
intuitive,1
transfiguration,1
foreground,1
real-time,1
sleep,1
staging,1
smartphone,1
wearable,1
eeg,1
anatomy,1
cryptocurrency,1
pump-and-dump,1
sparse,4
pca,1
inexact,2
sarah,1
promises,1
pitfalls,1
focusing,1
mri,1
non-local,1
roi,1
cross-object,1
super-level,1
intersectionality:,1
group,3
expectation,1
constraints,2
glottal,1
closure,1
instants,1
signal,2
dementia,1
conditioned,1
policies,1
multi-robot,1
memoir:,1
extreme,1
margin,1
layered,1
multi,1
frame-rate,1
streamlining,1
constraint,1
satisfaction,1
polar,1
decoding,1
alternating,1
correction,1
preterm-birth,1
local,1
average,1
precision,1
(mlgap):,1
metric,1
hashing-based,1
retrieval,1
activate,1
relay,1
nodes:,1
physics-informed,1
cokriging:,1
gaussian-process-regression-based,1
multifidelity,1
data-model,1
amortized,1
sincnet,1
voxelized,1
atomic,1
configurations,1
atomistic,1
potentials,1
solid-solution,1
alloys,1
structure-based,1
drug,1
validation,1
dancing,1
dark:,1
multi-party,1
untrusted,1
homogeneity-based,1
transmissive,1
true,1
false,1
induced,1
lasso,1
allows,1
molecular,2
pathways-pathways,1
interactions,1
physics-aware,1
synthetic,1
microstructures,1
guacamol:,1
benchmarking,1
de,1
novo,1
timbretron:,1
wavenet(cyclegan(cqt(audio))),1
pipeline,1
musical,1
timbre,1
three-dimensional,1
chromatin,1
temporal,2
behavior,3
bytes,2
all,1
you,1
need:,1
multilingual,1
pileup,1
mitigation,1
sepsis,1
multigraph,1
discovering,1
fusing,1
molecules,1
contributions,1
biclustering,1
microarray,1
meta,1
unknown,1
feature:,1
forecast,1
lightning,1
sharing,1
importance,1
strong,1
baselines,1
nearly-linear,1
sufficient,1
condition,1
convergences,1
adam,2
rmsprop,1
evolution,1
records,1
competing,1
risks,1
parametric,1
noise,1
injection:,1
trainable,1
randomness,1
descent,2
partial,1
goal,1
self-play,1
animal,1
movement,1
enhanced,1
expressive,1
projections,1
detecting,1
perturbations,1
activation,1
spaces,1
off-policy,1
emphatic,1
weightings,1
lipschitz,1
continuity,1
approximation,1
slim,1
shortcut,1
connections,1
hyperadam:,1
learnable,1
task-adaptive,1
informative,1
extraction,1
multivariate,1
crude,1
oil,1
spot,1
prices,1
confounder,1
blasius,1
direction,1
norm,1
gradient-based,1
l2,1
defenses,1
individualized,1
time-series,1
mobile,2
phone,1
user,1
do,1
really,1
matter?,1
hyperdimensional,1
computing,1
nanosystem,1
art,1
fair,2
ml:,1
moral,1
philosophy,1
legislation,1
defaults,1
temporally,1
super-resolution,1
(tecogan),1
explicit,1
pronunciation,1
foreign,1
revisiting,1
pre-training:,1
aided,1
scenario,1
wireless,1
multi-path,1
fading,1
channels,1
strength,1
trading-off,1
adversarially-trained,1
self,1
paced,1
psica:,1
subgroup,1
categorical,1
treatments,1
cropping,1
patching,1
block,1
spread,1
divergences,1
integrating,1
task-motion,1
making,1
robots,1
self-adversarially,1
electrocardiographic,1
spottune:,1
fine-tuning,1
